"","artist","title"
"1","morgenshtern","cristal & моёт"
"2","big baby tape","kari"
"3","скриптонит","чистый"
"4","slava marlow","по глазам"
"5","uncleflexxx","camry 3.5"
"6","morgenshtern; slava marlow","быстро"
"7","kizaru","дежавю"
"8","slava marlow; mk","нет проблем"
"9","король и шут","кукла колдуна"
"10","скриптонит","положение"
"11","скриптонит","москва любит..."
"12","дора","втюрилась"
"13","канги","эйя"
"14","mnogoznaal","колхозник"
"15","face","рэйман"
"16","lil krystalll","шенген"
"17","ваня дмитриенко","венера-юпитер"
"18","miyagi & andy panda","minor"
"19","gone.fludd","пацаны ii"
"20","тима белорусских","окей"
"21","morgenshtern; элджей","cadillac"
"22","anikv; saluki","меня не будет"
"23","miyagi & andy panda","all the time"
"24","morgenshtern; тимати","el problema"
"25","miyagi & andy panda","не жалея"
"26","big baby tape","errday"
"27","morgenshtern; lil pump","watafuk?!"
"28","boulevard depo","friendly fire"
"29","sqwoz bab; the first station","ауф"
"30","hensy","поболело и прошло"
"31","soda luv; bushido zho","коми"
"32","ramil’","сияй"
"33","анет сай","слёзы (ost ""пацанки"")"
"34","rocket","infinite tsukuyomi"
"35","лсп","номера"
"36","soda luv","хотбокс"
"37","konfuz","кайф ты поймала"
"38","rakhim","fendi"
"39","mayot; bushido zho; seemee","ауди"
"40","internet money; don toliver; nav; gunna","lemonade"
"41","король и шут","дурак и молния"
"42","slava marlow; элджей","злой"
"43","gone.fludd","проснулся в темноте"
"44","скриптонит","это любовь"
"45","kizaru","block baby"
"46","tini lin; babylaurenne","последний танец"
"47","dabro","юность"
"48","kostromin","моя голова винтом"
"49","slava marlow","ты горишь как огонь"
"50","seemee; soda luv","голодный пёс"
"51","лсп","есть деньги, нет чувств"
"52","папин олимпос","динозаврики"
"53","t-fest","как дела"
"54","konfuz","ратата"
"55","lildrughill; rocket","терминал"
"56","dorofeeva","gorit"
"57","soda luv","блэсс гад"
"58","moneyken","она не любит вино"
"59","og buda; тима белорусских","потерял себя"
"60","mayot","лилия"
"61","rakhim","синий lamborghini"
"62","pharaoh","эми"
"63","егор крид","голос"
"64","obladaet","david beckham"
"65","пошлая молли","контракт"
"66","jojohf","губы"
"67","morgenshtern; yung trappa","family"
"68","lil krystalll","+44"
"69","soda luv","go! смув"
"70","10age","нету интереса"
"71","gone.fludd","chill"
"72","pharaoh","всему свое время"
"73","султан лагучев","горький вкус"
"74","obladaet","for mula"
"75","pharaoh","нет сердца"
"76","miyagi & andy panda","патрон"
"77","soda luv","бигасс"
"78","saluki; 104; anikv; билик","лавэ"
"79","jamik; pussykiller","франция"
"80","ramil’","сон"
"81","fem.love","фотографирую закат"
"82","thrill pill","миллионы"
"83","zhanulka","кискис"
"84","104; miyagi; скриптонит","не жаль"
"85","мот; jony","лилии"
"86","soda luv; og buda","g-shokk"
"87","макс барских; zivert","bestseller"
"88","dead blonde","мальчик на девятке"
"89","егор шип","dior"
"90","andro; скриптонит","dragon"
"91","morgenshtern","дуло"
"92","morgenshtern","show"
"93","kizaru; big baby tape","stick out"
"94","morgenshtern; soda luv; mayot; og buda","cristal & моёт (remix)"
"95","dead blonde","бесприданница"
"96","og buda; mayot","добро пожаловать"
"97","jeembo; boulevard depo","в.о.л.к."
"98","ooes","зима"
"99","slava marlow","кому это надо?"
"100","og buda; polyana","старшие"
"101","лилу45","восемь"
"102","og buda; платина","воссап"
"103","morgenshtern","pablo"
"104","тима белорусских","тебе лучше не знать"
"105","егор крид","(не)идеальна"
"106","fleur","формалин"
"107","скриптонит; 104","цепи"
"108","og buda; егор крид; soda luv; mayot","сайфер"
"109","джарахов; markul","я в моменте"
"110","morgenshtern","aristocrat"
"111","lovv66","трап трап"
"112","branya; macan","пополам"
"113","miyagi & andy panda; tumaniyo","оттепель"
"114","morgenshtern","olala"
"115","morgenshtern","dinero"
"116","элджей","candy flip"
"117","егор крид; og buda","здравствуйте"
"118","morgenshtern","hublot"
"119","mekhman","копия пиратская"
"120","gone.fludd","плохая сука"
"121","morgenshtern","nominalo"
"122","pretty scream; mayot","ты"
"123","порнофильмы","я так соскучился"
"124","баста","ты была права"
"125","slava marlow","camry 3.5"
"126","скриптонит","будьте здоровы"
"127","morgenshtern","gta"
"128","10age","пушка"
"129","fem.love","1000-7"
"130","егор крид","pussy boy"
"131","mayot","в моих мыслях"
"132","hammali & navai","у окна"
"133","matrang","патриархат"
"134","dabro","на часах ноль-ноль"
"135","miyagi & andy panda; tumaniyo","brooklyn"
"136","егор крид; гуф","автомат"
"137","джиган; егор крид; тимати; гуф; the limba; blago white; soda luv; og buda","на чиле"
"138","скриптонит; райда","baby mama"
"139","instasamka","juicy"
"140","guma","стеклянная"
"141","платина; big baby tape","веном"
"142","slava marlow; элджей; the limba","она тебя любит"
"143","платина; og buda; mayot","abu dhabi baby"
"144","индаблэк; скриптонит; rodionis; qurt","цифры"
"145","obladaet; jeembo","hella players"
"146","the limba; rakhim","хентай"
"147","artik & asti","она не я"
"148","платина","на грязном"
"149","lovv66; скриптонит","мне по*уй"
"150","instasamka","lipsi ha"
"151","escape; даня милохин","so low"
"152","макс корж","не твой"
"153","nikitata","таймаут"
"154","мот","август - это ты"
"155","элджей; пошлая молли","дом периньон"
"156","gspd; dead blonde","у россии три пути"
"157","og buda","не приходи"
"158","wenaro; lxner","лёд"
"159","gone.fludd","тени хиросимы"
"160","10age","зоопарк"
"161","slava marlow","человек"
"162","три дня дождя","демоны"
"163","miyagi & эндшпиль","fire man"
"164","мукка","девочка с каре"
"165","big baby tape; kizaru","bandana"
"166","gone.fludd","traxxxmania"
"167","uniqe; nkeeei; artem shilovets","толпы кричат"
"168","big baby tape; kizaru","99 problems"
"169","big baby tape; kizaru","million"
"170","big baby tape; kizaru","mama makusa"
"171","quiizzzmeow","aomine daiki"
"172","big baby tape; kizaru","dirrt"
"173","big baby tape; kizaru","big tymers"
"174","big baby tape; kizaru","5 nights crazy"
"175","big baby tape; kizaru","so icy nihao"
"176","big baby tape; kizaru","slip & slide"
"177","егор крид","lambo urus"
"178","big baby tape; kizaru","andrew story"
"179","big baby tape; kizaru","ladidadida"
"180","jony; the limba","босс"
"181","big baby tape; kizaru","ride or die"
"182","big baby tape; kizaru","errbody sleeping"
"183","pyrokinesis","цветами радуги"
"184","big baby tape; kizaru","bon voyage"
"185","rizza; sqwore","плачь"
"186","gone.fludd","слеза бандита"
"187","lil morty","я пиздатый"
"188","visagangbeatz; mayot; seemee; 163onmyneck","бизнес"
"189","платина; дора","сан ларан"
"190","oxxxymiron","кто убил марка?"
"191","lil krystalll","mazzaleen"
"192","kambulat","привет"
"193","shadowraze","astral step"
"194","miyagi & andy panda; mav-d","marmalade"
"195","люся чеботина","солнце монако"
"196","hammali; jony","наверно, ты меня не помнишь"
"197","мумий тролль; даня милохин","башня"
"198","slava marlow; aarne","бизнес вумен"
"199","pyrokinesis; мукка","днями-ночами"
"200","oxxxymiron","мох"
"201","oxxxymiron","мы все умрем"
"202","oxxxymiron; монеточка","хоп-механика"
"203","oxxxymiron","красота и уродство"
"204","morgenshtern","домой"
"205","17 seventeen; og buda; mayot","вина"
"206","sqwore","звезда упала"
"207","uniqe; nkeeei; sagara; artem shilovets","лифон"
"208","dsprite","погоди"
"209","oxxxymiron","агент"
"210","мэйби бэйби; дора","барбисайз"
"211","big baby tape; молодой платон","влюбилась"
"212","oxxxymiron","нон-фикшн"
"213","instasamka","хлопай"
"214","pharaoh; mnogoznaal","акид"
"215","lovv66","sekks"
"216","boulevard depo; sp4k","азбука"
"217","дора","дорадура"
"218","shadowraze","shadowfiend"
"219","shadowraze","juggernaut"
"220","obladaet","sleepknot"
"221","космонавтов нет","баночка с окурками"
"222","zapomni","кожура"
"223","космонавтов нет","мятой"
"224","gayazov$ brother$","малиновая лада"
"225","miyagi & andy panda","буревестник"
"226","morgenshtern","почему?"
"227","shadowraze; babyswishh1","psiblades"
"228","shadowraze","1000-7"
"229","zapomni","я всё решу"
"230","zhanulka","ты похож на кота (remaster)"
"231","лялька","трахаца"
"232","3ternity; og buda","фитиль"
"233","quiizzzmeow","сети"
"234","адлин","no love"
"235","ooes","ночь"
"236","shadowraze; lxner; quiizzzmeow","adaptive strike"
"237","макsим","отпускаю"
"238","антон токарев","седьмой лепесток"
"239","macan","за всех"
"240","шайни","yeyo!"
"241","jojohf","первый раз"
"242","artik & asti","гармония"
"243","bushido zho","макинтош бизнес онли"
"244","kambulat","выпей меня"
"245","космонавтов нет","в темноте"
"246","aleks ataman; finik","диалоги тет-а-тет"
"247","клава кока; niletto","краш"
"248","cream soda; хлеб","плачу на техно"
"249","andro; the limba","x.o"
"250","twocolors","lovefool"
"251","mitchel","а уже фсё"
"252","zivert; niletto","fly 2"
"253","hammali & navai","а если это любовь?"
"254","the weeknd","blinding lights"
"255","raim","двигаться"
"256","клава кока","покинула чат"
"257","zivert","ятл"
"258","миша марвин; ханна","французский поцелуй"
"259","natan; ганвест","ананасовый сироп"
"260","gayazov$ brother$","я, ты и море"
"261","тайпан; agunda","луна не знает пути"
"262","little big","uno"
"263","little big","hypnodancer"
"264","vize; imanbek; dieter bohlen; leony","brother louie"
"265","lvnx; anamun","малиновый закат"
"266","filv","balenciaga"
"267","intelligency","august"
"268","niletto","любимка"
"269","gayazov$ brother$","увезите меня на дип-хаус"
"270","jony","ты беспощадна"
"271","zivert","beverly hills"
"272","junona boys","relax"
"273","джаро & ханза; kavabanga depo kolibri","таблетка"
"274","jony","комета"
"275","hammali & navai","прятки"
"276","zivert","credo"
"277","artik & asti","все мимо"
"278","zivert","life"
"279","клава кока","химия"
"280","dior; samo; id","положение"
"281","олег кензов","по кайфу"
"282","noize mc; линда","катацумури"
"283","artik & asti; артём качер","грустный дэнс"
"284","karna.val","психушка"
"285","zivert","зелёные волны"
"286","артур пирожков","#перетанцуйменя"
"287","emin","ммм"
"288","surf mesa; emilee","ily"
"289","мари краймбрери","пряталась в ванной"
"290","polnalyubvi","кометы"
"291","otnicka","where are you"
"292","ava max","kings & queens"
"293","filatov & karas; deepest blue","give it away"
"294","soda","pullin up"
"295","tones and i","dance monkey"
"296","otnicka","babel"
"297","ганвест","кайфули"
"298","рем дигга; nybracho","фонари"
"299","макс барских","по секрету"
"300","artik & asti","чувства"
"301","miyagi & эндшпиль; рем дигга","i got love"
"302","tommee profitt; fleurie; mellen gi","in the end"
"303","arnon; jonisa","g paradise"
"304","гуф; murovei; v $ x v prince","ураган"
"305","фогель","мальчик"
"306","егор крид; нюша","mr. & mrs. smith"
"307","monaldin; emma peters","femme like u"
"308","dava; seryoga","чёрный бумер"
"309","emin; jony","камин"
"310","artik & asti","под гипнозом"
"311","jony; andro","мадам"
"312","tsoy","позови меня с собой"
"313","linkin park","numb"
"314","#2маши","босая"
"315","ленинград","фотосессия"
"316","супер жорик","золото"
"317","doja cat","boss bitch"
"318","hammali & navai","девочка-война"
"319","morgenshtern; витя ак","ратататата"
"320","лёша свик","paco rabanne"
"321","джаро & ханза","ты мой кайф"
"322","сплин","выхода нет"
"323","rsac","nba"
"324","markul","phantom"
"325","junona boys","broken angel"
"326","miyagi & andy panda","kosandra"
"327","imagine dragons","believer"
"328","mary gu","пьяный романтик"
"329","t-killah","гречка мартини"
"330","markul","2 минуты"
"331","aya nakamura","djadja"
"332","billie eilish","bad guy"
"333","тайпан; agunda","набирай высоту"
"334","макс корж","2 типа людей"
"335","cream soda","никаких больше вечеринок"
"336","jah khalib","море"
"337","little big","go bananas"
"338","saint jhn; imanbek","roses"
"339","niletto","молодым"
"340","fredbydredd","look at me now"
"341","асия","адресат"
"342","annie","american cars"
"343","баста; скриптонит; сергей бобунец; ант; диана арбенина; sunsay","сансара"
"344","burito","лотосы"
"345","cream soda","сердце лёд"
"346","король и шут","лесник"
"347","клава кока; morgenshtern","мне пох"
"348","хлеб","choco"
"349","verbee","пацанам не доверяй"
"350","тима белорусских","незабудка"
"351","звери","районы-кварталы"
"352","король и шут","прыгну со скалы"
"353","rasa","пчеловод"
"354","артур пирожков","зацепила"
"355","тима белорусских","витаминка"
"356","miyagi & andy panda","atlant"
"357","мэвл","патамушка"
"358","руки вверх!","расскажи мне"
"359","miyagi & andy panda","там ревели горы"
"360","david guetta; morten","kill me slow"
"361","miyagi & andy panda","yamakasi"
"362","hurts","redemption"
"363","miyagi & andy panda","психопатия"
"364","miyagi & andy panda","medicine"
"365","сергей шнуров; кипелов","свобода"
"366","miyagi & andy panda","tantra"
"367","monatik; вера брежнева","вечериночка"
"368","dj nejtrino; elia","зачем топтать мою любовь"
"369","nю","белые ночи"
"370","асия","ну чё ты такой хороший?"
"371","timran; zell; batrai; aslai","не пускайте танцевать"
"372","мари краймбрери","океан"
"373","елена темникова","как барби в поисках кена"
"374","triticum","petrunko"
"375","бастаrd!","f..k that"
"376","миша марвин","о мама"
"377","gafur; jony","lollipop"
"378","moses; emr3ygul","a million on my soul"
"379","джаро & ханза; ольга бузова","mira me bebè"
"380","morgenshtern","ice"
"381","тима белорусских","веснушки"
"382","#2маши","я забираю твою подругу"
"383","rasa","кукла"
"384","the score; travis barker","all of me"
"385","нурминский","black guard"
"386","loboda; pharaoh","boom boom"
"387","лсп","дом хрустальный"
"388","mia boyka; егор шип","пикачу"
"389","billie eilish","my future"
"390","nebezao; nю","если бы не ты"
"391","элджей","911"
"392","trfn; siadou","do it"
"393","руслан набиев; dj fat maxx","по ресторанам"
"394","bahh tee; turken","тобой дышу"
"395","zivert; баста","неболей"
"396","макс корж","времена"
"397","mary gu","нежность"
"398","jah khalib; гуф","на своём вайбе"
"399","niletto","ты такая красивая"
"400","filatov & karas","чилить"
"401","ханна","навсегда твоя"
"402","смоки мо; гуф","bang bang"
"403","andro","забываю обещания"
"404","gayazov$ brother$; netu$il","уедем в марокко"
"405","макс корж","тепло"
"406","кино","перемен"
"407","jvla","such a whore"
"408","dabro","все за одного"
"409","макс барских","silence"
"410","verbee; kara kross","не смогу"
"411","little big","tacos"
"412","елена темникова","как на фантиках love is"
"413","лёша свик","ей нравится"
"414","мот","бумажный дом"
"415","matrang","фас"
"416","кино","пачка сигарет"
"417","dava; филипп киркоров","ролекс"
"418","dua lipa; the blessed madonna; madonna; missy elliott","levitating"
"419","linkin park","she couldn't"
"420","кино","звезда по имени солнце"
"421","atl","забил"
"422","miley cyrus","midnight sky"
"423","кино","группа крови"
"424","armin van buuren; avira","illusion"
"425","moses; emr3ygul; alexiane","a million on my soul"
"426","thefloudy","balenciaga"
"427","jony","небесные розы"
"428","grechanik; мари краймбрери","сонная мэри"
"429","зомб; мохито","такси"
"430","jah khalib; fatbelly","намекает"
"431","тима белорусских","в последний раз"
"432","макс барских; джаро","lonely"
"433","jony","ты пари"
"434","канги","вали"
"435","асия; nю","твой поцелуй"
"436","jony","мир сошёл с ума"
"437","jah khalib; весъ","на тебя смотрю"
"438","элджей; morgenshtern","lollipop"
"439","егор крид; the limba","coco l'eau"
"440","rauf & faik; niletto","если тебе будет грустно"
"441","полина гагарина","на расстоянии"
"442","david guetta; sia","let's love"
"443","pizza; елена темникова","по краям"
"444","matrang","взаперти"
"445","ханна; джоззи","небо"
"446","mary gu","астероид"
"447","даня милохин; николай басков","дико тусим"
"448","fousheé","deep end"
"449","slava marlow","снова я напиваюсь"
"450","nю","без тебя фигово"
"451","руки вверх!; artik & asti","москва не верит слезам"
"452","мот","гудки"
"453","макс барских","океаны"
"454","макс барских","армагеддон"
"455","сплин","за семью печатями"
"456","ramil'","падали"
"457","zivert","многоточия"
"458","макс корж","её виной"
"459","тимати","звездопад"
"460","hensy; клава кока","костёр"
"461","max box; мари краймбрери","я не забуду"
"462","noize mc; монеточка","живи без остатка"
"463","анет сай","слёзы"
"464","janaga; кучер","по щекам слёзы"
"465","джиган; тимати; егор крид","rolls royce"
"466","svnv; bula","тлеет"
"467","мари краймбрери; hammali","медляк"
"468","loc-dog","громче, чем гроза"
"469","баста","я никогда не видел моря"
"470","loc-dog; ёлка","до солнца"
"471","25/17","жду чуда"
"472","anacondaz","жду чуда"
"473","dabro","на крыше"
"474","gayazov$ brother$","плачь, но танцуй"
"475","noize mc","вояджер-1"
"476","гуф; murovei; dina raf","пустяк"
"477","леонид агутин","включите свет"
"478","25/17","луна"
"479","feduk; bmb spacekid","останься"
"480","markul; платина","конфеты"
"481","artik & asti","девочка танцуй"
"482","intelligency","август"
"483","face","надежда"
"484","gone.fludd","вторник"
"485","ханза & oweek","вечеринка"
"486","егор крид","девочка с картинки"
"487","black eyed peas; ozuna; j. rey soul","mamacita"
"488","blackpink","how you like that"
"489","скриптонит","moskva lyubit..."
"490","тимати; джиган; даня милохин","хавчик"
"491","dababy; roddy ricch","rockstar"
"492","ramil'","вальс"
"493","vremya; steklo","last dance"
"494","saint jhn","roses (imanbek remix)"
"495","juice wrld; halsey","life's a mess"
"496","kizaru; hoodrich pablo juan","honey's kettle"
"497","macan","кино"
"498","dua lipa","break my heart"
"499","loboda","мой"
"500","harry styles","watermelon sugar"
"501","мальбэк х сюзанна","больше слов не надо"
"502","billie eilish","everything i wanted"
"503","shooval","мы открываем бизнес (skit)"
"504","mary gu","дисней"
"505","artik & asti","последний поцелуй"
"506","anikv","criminal"
"507","miyagi & andy panda","utopia"
"508","райда; скриптонит; truwer","женщины"
"509","yulianna karaulova","proлюбовь"
"510","miyagi & andy panda","мало нам"
"511","dj khaled; drake","popstar"
"512","karna.val","опять домой"
"513","dj khaled; drake","greece"
"514","lady gaga; ariana grande","rain on me"
"515","hensy","замок на мостик"
"516","jeembo; boulevard depo","ghost on stage"
"517","jeembo; obladaet","adrenaline"
"518","dava","зайка"
"519","taylor swift","cardigan"
"520","jeembo","некрополь"
"521","macan","77"
"522","jawsh 685 x jason derulo","savage love (laxed - siren beat)"
"523","макс барских","по секрету (rodion gordin remix)"
"524","kizaru","narcos"
"525","cream soda","атомы"
"526","джаро","пассажир"
"527","dj smash; poët","беги"
"528","jah khalib","кукла"
"529","cardi b; megan thee stallion","wap"
"530","kaef","тёмное платье"
"531","алёна швец.","мемы"
"532","кино","хочу перемен"
"533","drake; lil durk","laugh now cry later"
"534","jony","а за окном дожди"
"535","bts","dynamite"
"536","леван горозия","в самом начале"
"537","леван горозия","не жалей"
"538","леван горозия","новый герой"
"539","леван горозия","поверь мне"
"540","леван горозия","северный ветер"
"541","леван горозия","парк горького"
"542","леван горозия","новая жизнь, новый герой"
"543","ямаджи; фейджи","минимум"
"544","anikv; saluki","было или нет?"
"545","blackpink; selena gomez","ice cream"
"546","t-fest","любовь"
"547","24kgoldn; iann dior","mood"
"548","гуф; kravz","лето на ветер"
"549","feduk","краски"
"550","gayazov$ brother$","ты круче, чем..."
"551","елена темникова; kareena","фаталити"
"552","просто лера","лютики"
"553","truwer; kali","дерзко"
"554","михаил шуфутинский","3-е сентября"
"555","хаски","аферист"
"556","osa; saluki","2x20"
"557","лсп","в её постели"
"558","gafur","ok"
"559","клава кока","сошла с ума"
"560","ганвест","fendi2"
"561","лсп","свиное рыло"
"562","хаски","бесконечный магазин"
"563","calvin harris; the weeknd","over now"
"564","maruv","sad song"
"565","Дима Билан","dreams"
"566","витя ак; morgenshtern","не раз убивало"
"567","лсп","парный дурак"
"568","instasamka; moneyken","витон"
"569","лсп","ууу"
"570","лсп","мамонтёнок"
"571","лсп","поп-звезда"
"572","rsac; ёлка","не наговаривай"
"573","sqwoz bab","ой"
"574","лсп","девочка-пришелец"
"575","лсп","золушка"
"576","лсп","золотой мальчик"
"577","лсп","бинокль"
"578","лсп","один"
"579","justin bieber; chance the rapper","holy"
"580","лсп","именно такой'20"
"581","элджей","lamborghini countach"
"582","фогель","хатико"
"583","sam smith","diamonds"
"584","xcho; macan","memories"
"585","joel corry; mnek","head & heart"
"586","хаски","шаг влево, шаг вправо"
"587","хаски","люцифер"
"588","хаски","реванш"
"589","хаски","никогда-нибудь"
"590","travis scott; young thug; m.i.a.","franchise"
"591","rakhim","milly rock"
"592","хаски","intro"
"593","хаски","на что я дрочу"
"594","хаски","мир мух"
"595","joji","ew"
"596","joji","modus"
"597","hensy","верю в лучшее"
"598","хаски","частушки"
"599","raye","natalie don't"
"600","jason derulo","take you dancing"
"601","joji","gimme love"
"602","joji; lil yachty","pretty boy"
"603","navai","зачем ты врёшь?"
"604","монеточка","крошка"
"605","navai; эллаи","милая моя"
"606","navai","чёрный мерен"
"607","21 savage; metro boomin","runnin"
"608","instasamka","факт"
"609","мумий тролль; скриптонит","кутить"
"610","платина","на грязном (диана)"
"611","blackpink","lovesick girls"
"612","монеточка","папина любовница"
"613","21 savage; metro boomin","glock in my lap"
"614","21 savage; metro boomin; drake","mr. right now"
"615","niletto","в мире людей"
"616","монеточка","ириски и риски"
"617","21 savage; metro boomin; young thug","rich n***a shit"
"618","21 savage; metro boomin","many men"
"619","blackpink","pretty savage"
"620","21 savage; metro boomin","slidin"
"621","internet money; don toliver; roddy ricch","lemonade (remix)"
"622","ёлка; zvonkiy","времена не выбрать (из т/с ""гости из прошлого"")"
"623","andro; qontrast; hiro","гипноз"
"624","dua lipa; dababy","levitating"
"625","yanix","mamacita"
"626","сёстры; скриптонит","высота"
"627","kavabanga depo kolibri","отбой"
"628","ashnikko","daisy"
"629","og buda","трафик"
"630","просто лера","светофоры"
"631","face","просто"
"632","макс барских","наивна"
"633","xcho; mr lambo; пабло","дай мне огня"
"634","bebe rexha; doja cat","baby, i'm jealous"
"635","boulevard depo","off top"
"636","сёстры","нет дела"
"637","ivan dorn","карнавала.нет"
"638","justin bieber; benny blanco","lonely"
"639","atl","браслеты"
"640","shawn mendes","wonder"
"641","lizer","быстро повзрослел"
"642","artik & asti","истеричка"
"643","artik & asti","бла бла"
"644","artik & asti","миллениум"
"645","artik & asti","лампочки"
"646","джаро & ханза; nicky jam; french montana","you are my high (ty moy kayf) [latin version]"
"647","hammali & navai","девочка танцуй"
"648","hammali & navai","друг или враг"
"649","hammali & navai","я тебя сам придумал"
"650","hammali & navai","нет твоей вины"
"651","hammali & navai","техно"
"652","hammali & navai","такси"
"653","hammali & navai","сигарета"
"654","hammali & navai","я весь мир обошёл"
"655","hammali & navai","птичка"
"656","idris & leos","виду не подам"
"657","idris & leos","в последний раз"
"658","idris & leos","ночью проще писать"
"659","idris & leos","образ"
"660","tanir & tyomcha","coca cola"
"661","джаро & ханза","емаея"
"662","джаро & ханза","соччи"
"663","ханза & oweek; artik & asti","танцуй"
"664","aarne; the limba; markul","noir"
"665","элджей","darknet (g-pol remix)"
"666","элджей","bodybag"
"667","элджей","wunder king"
"668","элджей","bart simpson"
"669","alsou","зимний сон"
"670","amchi","уже все равно"
"671","andrey gubin","зима-холода"
"672","andro","любит пироги"
"673","andy williams","it's the most wonderful time of the year"
"674","andy williams","happy holiday / the holiday season"
"675","anikv","до свидания"
"676","anikv","лень"
"677","anikv","слёз из хрусталя"
"678","anikv","о чем мечтать?"
"679","anivar","высоко"
"680","antoha mc","множество путей"
"681","ariana grande","positions"
"682","ariana grande","34+35"
"683","артур пирожков","#тудым-сюдым"
"684","ashnikko; princess nokia","slumber party"
"685","atb; topic; a7s","your love (9pm)"
"686","atl; stewart","марабу (drum mix)"
"687","bahh tee","ты моя. я так решил"
"688","barbara pravi","voilà"
"689","баста; скриптонит","молодость"
"690","баста","с самых низов"
"691","баста; эрика лундмоен; moscow gospel team","+100500"
"692","баста; odi","верил всегда"
"693","баста; moscow gospel team","время догонит нас"
"694","баста","интро"
"695","баста; anikv; noize mc","поколение х"
"696","баста; софи","дочь огня"
"697","баста","не дотянуться до звезд"
"698","баста; скриптонит","рай.он"
"699","баста; moscow gospel team","я вижу"
"700","баста","готеmmосква"
"701","баста; дворецкая","любовь и страх"
"702","баста; lucaveros","парень с головой"
"703","баста","вамп 2.0"
"704","баста","на маяке"
"705","баста","белый кит"
"706","баста; atl","зажигалки вверх"
"707","баста; t-fest","кстати"
"708","баста; алёна омаргалиева","я поднимаюсь над землёй"
"709","big baby tape","balance"
"710","billie eilish","therefore i am"
"711","billie eilish","your power"
"712","billie eilish; rosalía","lo vas a olvidar"
"713","blind channel","dark side"
"714","bobby helms","jingle bell rock"
"715","bodiev","крузак 200"
"716","boulevard depo; jeembo","manhunt"
"717","boulevard depo; jeembo","трасса 60"
"718","boulevard depo; jeembo","ритуал"
"719","boulevard depo; jeembo","география"
"720","boulevard depo; jeembo","металлолом"
"721","brenda lee","rockin' around the christmas tree (single version)"
"722","bruno mars; anderson .paak; silk sonic","leave the door open"
"723","bts","life goes on"
"724","bts","fly to my room"
"725","bts","blue & grey"
"726","bts","butter"
"727","burl ives","a holly jolly christmas (single version)"
"728","cardi b","up"
"729","carolesdaughter","violent"
"730","cj","whoopty"
"731","coldplay","higher power"
"732","colorit","быстро"
"733","cream soda","меланхолия"
"734","dava","обнулила нас"
"735","dean martin","let it snow! let it snow! let it snow!"
"736","Дима Билан","сердце"
"737","dina","я ищу тебя"
"738","diskoteka avariya","новогодняя"
"739","dj smash; не гришковец","пудинг"
"740","dj smash; morgenshtern","новая волна"
"741","dmx","x gon' give it to ya"
"742","doja cat","streets"
"743","doja cat; sza","kiss me more"
"744","dom la nena","batuque (jeremy sole & atropolis remix)"
"745","дора","осень пьяная"
"746","дора","втюрилась (новогодняя версия)"
"747","dorofeeva","a tebe..."
"748","dorofeeva","vecherinka"
"749","dose","губы"
"750","dose; сюзанна","пепел"
"751","drake","what’s next"
"752","drake; lil baby","wants and needs"
"753","dua lipa","we're good"
"754","dua lipa; angele","fever"
"755","duncan laurence","arcade"
"756","ed sheeran","afterglow"
"757","efendi","mata hari"
"758","егор крид","ты не смогла простить"
"759","елена темникова","2020"
"760","елена темникова","новогодняя"
"761","елена темникова","в м9се"
"762","елена темникова","бабочки и трип"
"763","елена темникова","по кольцу"
"764","ёлка","выдохни"
"765","elman","родная"
"766","elman; andro","я тебе верил"
"767","elman; gafur","отпускаю"
"768","elman; jony","балкон"
"769","ershov; kagramanov","заплетай"
"770","face","маленькая тёлка"
"771","face","варвар"
"772","face","расстояние"
"773","face","днк"
"774","face","домино"
"775","face","истерика"
"776","feduk","бэнгер"
"777","feduk","маяк"
"778","feduk","фак опс"
"779","feduk","русский народный трэп"
"780","frank sinatra","let it snow! let it snow! let it snow! (with the b. swanson quartet)"
"781","frank sinatra","santa claus is comin' to town"
"782","frank sinatra","jingle bells"
"783","gafur","яд"
"784","gafur; elman","морозы"
"785","gayazov$ brother$; руки вверх","ради танцпола"
"786","gjon's tears","tout l'univers"
"787","go_a","shum"
"788","gone.fludd","dream garden"
"789","gone.fludd","ufo luv"
"790","gone.fludd","сок"
"791","pizza","улыбка"
"792","gruppa skryptonite; therr maitz","любите, девушки"
"793","hammali; loc-dog","просто разговор"
"794","hanna","не любовь?"
"795","хаски","за байкалом"
"796","hensy","36.6"
"797","hensy; kavabanga depo kolibri","не моя вина"
"798","ic3peak","смерти больше нет"
"799","imagine dragons","follow you"
"800","imanbek; sean paul; sofia reyes","dancing on dangerous"
"801","inna","flashbacks"
"802","instasamka","mommy"
"803","instasamka","money day"
"804","instasamka; moneyken","жопа джуси"
"805","ivan dorn","кроме тебя"
"806","jah khalib","искал-нашёл"
"807","jah khalib","моя любовь"
"808","jah khalib","талисман"
"809","jah khalib","во сне"
"810","jah khalib; agon","гори-гори"
"811","jah khalib; мамедова","я не прощу"
"812","jillzay; magg '98; cheenah; benz; скриптонит; 104; truwer; kolyaolya","бар ""2 лесбухи"""
"813","joel corry; raye; david guetta","bed"
"814","jony","пустота"
"815","jony","падаю - поймай"
"816","jony","камнепад"
"817","justin bieber","hold on"
"818","justin bieber; daniel caesar; givēon","peaches"
"819","kara kross","поколение"
"820","каста; баста; рем дигга; белый будда","годы неправды (bonus track)"
"821","хлеб; кравц","катя"
"822","kid cudi","tequila shots"
"823","kid cudi; skepta; pop smoke","show out"
"824","kizaru","что за бизнес сука?"
"825","kizaru; tory lanez","bad blood"
"826","kizaru","g shit"
"827","kizaru","plug"
"828","kizaru","газ в пол"
"829","kizaru","изи арифметика"
"830","kizaru; smokepurpp","you and me"
"831","kizaru","whistle song"
"832","kizaru","ice cream"
"833","kizaru","wassup homie"
"834","kizaru","oh whou"
"835","kizaru","trapazoid"
"836","kizaru","mr. slime"
"837","kizaru","keep straight"
"838","клава кока","пьяную домой"
"839","клава кока","сладкие мальчики"
"840","клава кока; руки вверх","нокаут"
"841","konfuz","ранила меня"
"842","konfuz","война"
"843","kostromin","my head is spinning like a screw"
"844","кровосток","амфибия"
"845","кровосток","делают"
"846","l'one","влюбился"
"847","l'one","поход (эдуард артемьев)"
"848","lana del rey","chemtrails over the country club"
"849","lana del rey","white dress"
"850","laud; cream soda","магия"
"851","laud; gone.fludd","пули"
"852","лёша свик","ты так пьяна"
"853","лёша свик","я буду помнить"
"854","лёша свик","не зашьёшь"
"855","лёша свик","инсомния"
"856","lil durk; lil baby","finesse out the gang way"
"857","lil nas x","montero (call me by your name)"
"858","lil tjay; 6lack","calling my phone"
"859","lildrughill","поменять"
"860","little big","sex machine"
"861","lizer","верю"
"862","loboda","moloko"
"863","loboda","родной"
"864","lovv66; mayot","ловв и майот"
"865","lovv66; og buda","неправильно"
"866","m'dee","температура"
"867","m'dee","до завтра"
"868","m'dee","cloud 9"
"869","m'dee; anikv","закрытый клуб"
"870","macan","я пытался любить тебя"
"871","macan","верь мне"
"872","macan","харибо"
"873","macan","slow mo"
"874","macan","stories"
"875","macan","fell in love"
"876","måneskin","zitti e buoni"
"877","måneskin","zitti e buoni (eurovision version)"
"878","måneskin","i wanna be your slave"
"879","måneskin","coraline"
"880","manizha","russian woman"
"881","мари краймбрери","самолёт"
"882","мари краймбрери","холостяк"
"883","мари краймбрери; alex davia","if you love me"
"884","мари краймбрери","ты меня не забудешь"
"885","мари краймбрери","иди танцуй"
"886","мари краймбрери; ёлка","новогодний вайб"
"887","mariah carey","all i want for christmas is you"
"888","markul; куок","тренировочный день"
"889","markul","бумеранг"
"890","mary gu","не влюбляйся"
"891","mary gu","17"
"892","mary gu","косички"
"893","mary gu","виселица"
"894","mary gu","она читает бродского"
"895","mary gu","+1"
"896","masked wolf","astronaut in the ocean"
"897","макс барских","имена (from ""la plage"")"
"898","mayot","абонент"
"899","mayot","снег"
"900","michael bublé","it's beginning to look a lot like christmas"
"901","miley cyrus; dua lipa","prisoner"
"902","minelli","rampampam"
"903","miyagi; tumaniyo; kadi","bismarck"
"904","miyagi","captain"
"905","mona songz","салют, вера"
"906","monatik","ресницы безопасности"
"907","monatik; lida lee; nino","ритмоlove"
"908","moneyken","ты мой океан"
"909","moneyken","грустная на тусе"
"910","monoir; eneli","3 to 1"
"911","morgenshtern","бебебе"
"912","morgenshtern","ретро рейв"
"913","morgenshtern","чёрный бумер"
"914","morgenshtern","последний бит от славы"
"915","morgenshtern","скит от славы"
"916","morgenshtern","no mo luv"
"917","morgenshtern","ты ослеп"
"918","morgenshtern","слава вернись (interlude)"
"919","morgenshtern","можно сфоткаться?"
"920","morgenshtern","когда нас отпустит"
"921","morgenshtern","я когда-нибудь уйду"
"922","morgenshtern","папин танк"
"923","morgenshtern","мания"
"924","morgenshtern","pull up"
"925","morgenshtern","я на таблах"
"926","morgenshtern","скит от @vsbattlevideo"
"927","morgenshtern; imanbek; fetty wap; kddk","leck"
"928","moses; emr3ygul; alexiane","a million on my soul (remix)"
"929","мот; lyriq","не бруклин"
"930","murovei; тима белорусских","пробегал мимо"
"931","нервы","твоим морем"
"932","nessa barrett; jxdn","la di die"
"933","niletto","дай мне"
"934","niletto","невывозимая"
"935","nk","красное вино"
"936","nlo","не грусти"
"937","нюша; лсп","грязные танцы"
"938","nю","я убегу"
"939","nю","безумный"
"940","obladaet","random"
"941","obladaet","shinobi"
"942","obladaet","blind zone"
"943","obladaet","1 000 000"
"944","obladaet","def joint 2"
"945","obladaet; thrill pill","nhl money"
"946","ольга бузова","розовые очки"
"947","ольга бузова","грустный трек"
"948","oliver tree","jerk"
"949","olivia rodrigo","drivers license"
"950","olivia rodrigo","deja vu"
"951","olivia rodrigo","good 4 u"
"952","ollane; miyagi; andy panda","where are you"
"953","pháo","2 phút hơn (kaiz remix)"
"954","pharaoh","печаль cо знаком 8"
"955","pharaoh","silence !"
"956","pharaoh","route 333 ost"
"957","pharaoh","1 из легенд"
"958","pharaoh; 39","судный день"
"959","pharaoh; noa","никогда опять"
"960","pharaoh","днмп"
"961","pharaoh","перед смертью все равны"
"962","pharaoh","the real unplugged (acceptance of darkness)"
"963","pharaoh","во имя тьмы"
"964","pharaoh; 39","рискк"
"965","филипп киркоров; maruv","komilfo"
"966","полина гагарина","зима"
"967","qurt; didar","я тебя хочу"
"968","ramil'","аромат"
"969","ramil'","levi's"
"970","ramil'","не звони мне"
"971","ramil'","сигаретный дым"
"972","ramil'","рядом не те"
"973","ramil'","медляк"
"974","ramil'","бусы в потолок"
"975","ramil'; елена темникова","из-за тебя"
"976","rilès","pesetas"
"977","rita dakota","спички"
"978","rita dakota","карандаш"
"979","rita ora; david guetta; imanbek; gunna","big"
"980","rocket","monday"
"981","руки вверх","#танецпоп"
"982","руки вверх","deep house"
"983","saluki; 104; j. rouh","xxx"
"984","saluki; 104; osa","доски"
"985","saluki; 104; og buda; mayot; кисло-сладкий; bonah","kelin"
"986","saluki; 104; andy panda","ангел"
"987","saluki; 104","joot'"
"988","saluki; 104","full time"
"989","saluki; 104","диско бол"
"990","saluki; 104; рамш","s1"
"991","скриптонит","жить как я живу"
"992","скриптонит; feduk","рамок нет"
"993","скриптонит","16"
"994","скриптонит","оттенки"
"995","скриптонит","колёса 2"
"996","скриптонит","бэлмэйн"
"997","скриптонит","прям с утра"
"998","скриптонит; сёстры","лепесток"
"999","скриптонит","маленькие ублюдки"
"1000","скриптонит","не прокашляешься"
"1001","скриптонит","кэс"
"1002","скриптонит","одно и то же"
"1003","скриптонит","великолепно (скит)"
"1004","скриптонит","рэп"
"1005","скриптонит","какие новости"
"1006","скриптонит; feduk; truwer; niman; баста","мама"
"1007","скриптонит; niman","spice girls"
"1008","скриптонит; niman","gasoline"
"1009","скриптонит; niman","nice guy"
"1010","selena gomez","de una vez"
"1011","shawn mendes; justin bieber","monster"
"1012","sia; david guetta","floating through space"
"1013","slame","братан"
"1014","slame; nю","пряный ром"
"1015","slava marlow","артём (skit)"
"1016","slowthai; skepta","cancelled"
"1017","soda luv; 163onmyneck","коть коть"
"1018","soda luv; buster","осуждаю"
"1019","soda luv","тысячи рук"
"1020","sorry jesus; элджей","18+"
"1021","sqwoz bab; хлеб","бывший"
"1022","sqwoz bab; yung trappa","avia"
"1023","sza","good days"
"1024","t-fest","тишина freestyle"
"1025","t-fest; дора","cayendo"
"1026","t-fest","время догонит нас (баста 41)"
"1027","t-fest","я тоже"
"1028","tate mcrae","you broke me first"
"1029","taylor swift","willow"
"1030","tesher","jalebi baby"
"1031","the hatters","я делаю шаг"
"1032","the kid laroi","without you"
"1033","the limba","дай мне ответ"
"1034","the ronettes","sleigh ride"
"1035","the roop","discoteque"
"1036","the weeknd","save your tears"
"1037","the weeknd; ariana grande","save your tears (remix)"
"1038","tiësto","the business"
"1039","тимати","локоны"
"1040","тимати","харлей"
"1041","тимати","чокер"
"1042","тимати","маски"
"1043","тимати; dashxx","полностью моя"
"1044","тимати","падаем вместе"
"1045","тимати; гуф","что возьму я с собой"
"1046","тимати; ханза; oweek","скандал"
"1047","travis scott; hvme","goosebumps (remix)"
"1048","trippie redd; playboi carti","miss the rage"
"1049","truwer; atl","весь в отца"
"1050","truwer","муса"
"1051","truwer","автосити"
"1052","truwer; qurt; недры; скриптонит","дерзко remix"
"1053","truwer","jel"
"1054","truwer","uyat"
"1055","tumaniyo; sимптом","насквозь"
"1056","twenty one pilots","shy away"
"1057","ty dolla $ign; post malone","spicy"
"1058","verbee","с меня хватит"
"1059","verbee; kara kross","заберу своё"
"1060","verbee; kravz","на движе"
"1061","верка сердючка","new year song"
"1062","wham!","last christmas (single version)"
"1063","xcho; пабло; alemond","only you"
"1064","yanix","mandem"
"1065","yung trappa; morgenshtern","розовое вино 2"
"1066","zemfira","остин"
"1067","zemfira","пальто"
"1068","zemfira","жди меня"
"1069","zemfira","таблетки"
"1070","zemfira","ок"
"1071","zemfira","камон"
"1072","zemfira","абъюз"
"1073","zemfira","этим летом"
"1074","zemfira","том"
"1075","zemfira","крым"
"1076","zemfira","снег идёт"
"1077","zemfira","мама"
"1078","zemfira","злой человек"
"1079","zivert","fly 3 (новогодняя версия)"
"1080","zivert","многоточия (radio edit)"
"1081","зомб; ханна","шанс"
"1082","zvonkiy","после пяти"
"1083","абрикоса","влюбилась в друга"
"1084","алёна швец.","вино и сигареты"
"1085","алёна швец.","первое свидание"
"1086","анет сай; niletto","не люблю?"
"1087","артём качер","дикая"
"1088","артём качер","стреляй"
"1089","артём качер","дуру люблю"
"1090","ваня дмитриенко","стерва"
"1091","даня милохин","выдыхаю боль"
"1092","даня милохин","друг"
"1093","джарахов; morgenshtern","дегенерат (deluxe)"
"1094","ирина кайратовна; yelaman","халат"
"1095","канги","возьми сердце моё"
"1096","леван горозия","вместе"
"1097","лилу45","вернуться домой"
"1098","мальбэк","хабиби"
"1099","платина","salam"
"1100","просто лера","холодный дождь"
"1101","просто лера","адик"
"1102","просто лера","хрущёвка"
"1103","просто лера","мотыльки"
"1104","просто лера","провода"
"1105","тима белорусских","тает ещё"
"1106","фогель","привычка"
"1107","фогель","дуракам везёт"
"1108","хабиб","ягода малинка"
"1109","ханза; ramil'","плачь и танцуй"
"1110","ханна","весна"
"1111","morgenshtern","yung hefner"
"1112","gidayyat; gazan","коронаминус"
"1113","morgenshtern","она - оно"
"1114","free flow flava","final round"
"1115","gayazov$ brother$; filatov & karas","пошла жара"
"1116","galibri; mavik","федерико феллини"
"1117","goro","дорогу молодым"
"1118","niman; truwer; райда; скриптонит","талия"
